Mapa,Cve_Ent,Nom_Ent,Nom_Abr,Cve_Mun,Nom_Mun,Cve_Loc,Nom_Loc,Ámbito,Latitud,Longitud,Lat_Decimal,Lon_Decimal,Altitud,Cve_Carta,Pob_Total,Pob_Masculina,Pob_Femenina,Total De Viviendas Habitadas,Niños UKA,Familias UKA
150740161,15,México,Mex.,74,San Felipe Del Progreso,161,Agua Zarca Nichi,R,"19°33´32.373N""","100°00´20.183W""",19.558993,-100.005606,2934,E14A26,344,159,185,63,,
150740232,15,México,Mex.,74,San Felipe Del Progreso,232,Ampliación De San Antonio La Ciénega,R,"19°38´19.163N""","100°02´11.927W""",19.638656,-100.036646,2621,E14A26,398,196,202,77,,
150740154,15,México,Mex.,74,San Felipe Del Progreso,154,Barrio Boreje De San Antonio La Ciénega,R,"19°40´54.619N""","100°02´52.785W""",19.681839,-100.047996,2668,E14A26,1145,578,567,210,,
150740263,15,México,Mex.,74,San Felipe Del Progreso,263,Barrio Cerro De La Luna Del Fresno Nichi,R,"19°32´54.246N""","099°54´22.913W""",19.548402,-99.906365,3041,E14A27,72,39,33,19,,
150740229,15,México,Mex.,74,San Felipe Del Progreso,229,Barrio De La Era San Pablo Tlalchichilpa,R,"19°44´03.508N""","099°59´08.014W""",19.734308,-99.985559,2759,E14A27,671,302,369,170,,
150740257,15,México,Mex.,74,San Felipe Del Progreso,257,Barrio El Agostadero Ejido De San Juan Jalpa,R,"19°42´36.418N""","099°55´48.152W""",19.710116,-99.930042,2552,E14A27,510,246,264,123,,
150740288,15,México,Mex.,74,San Felipe Del Progreso,288,Barrio El Llano Santa Ana Nichi Ejido,R,"19°37´11.894N""","099°58´06.740W""",19.619971,-99.968539,2609,E14A27,212,96,116,39,,
150740281,15,México,Mex.,74,San Felipe Del Progreso,281,Barrio El Rincón Santa Ana Nichi Ejido,R,"19°36´09.942N""","099°59´25.603W""",19.602762,-99.990445,2742,E14A27,543,266,277,87,,
150740264,15,México,Mex.,74,San Felipe Del Progreso,264,Barrio El Salto San Antonio La Ciénega,R,"19°40´53.647N""","100°03´49.039W""",19.681569,-100.063622,2656,E14A26,469,238,231,83,,
150740165,15,México,Mex.,74,San Felipe Del Progreso,165,Barrio La Cañada San Antonio La Ciénega,R,"19°39´40.036N""","100°04´16.386W""",19.661121,-100.071218,2655,E14A26,373,185,188,69,,
150740278,15,México,Mex.,74,San Felipe Del Progreso,278,"Barrio La Mesa, Rioyos Buenavista",R,"19°42´16.091N""","100°03´27.290W""",19.70447,-100.057581,2729,E14A26,949,454,495,161,,
150740289,15,México,Mex.,74,San Felipe Del Progreso,289,"Barrio Las Ánimas, Ejido De San Pedro El Alto",R,"19°37´06.328N""","099°53´34.996W""",19.618424,-99.893054,2550,E14A27,1108,531,577,202,,
150740290,15,México,Mex.,74,San Felipe Del Progreso,290,"Barrio Las Palomas, San Miguel La Labor",R,"19°35´43.924N""","100°00´37.434W""",19.595534,-100.010398,2807,E14A26,339,160,179,58,,
150740159,15,México,Mex.,74,San Felipe Del Progreso,159,"Barrio Las Palomas, Santa Ana Nichi",R,"19°35´31.093N""","100°00´02.272W""",19.59197,-100.000631,2870,E14A26,846,427,419,146,,
150740280,15,México,Mex.,74,San Felipe Del Progreso,280,"Barrio Las Presas, Ejido De San Jerónimo Mavatí",R,"19°34´34.933N""","099°54´44.697W""",19.57637,-99.912416,2958,E14A27,355,176,179,69,,
150740282,15,México,Mex.,74,San Felipe Del Progreso,282,"Barrio Las Torres, San Lucas Ocotepec",R,"19°41´35.190N""","099°58´05.911W""",19.693108,-99.968309,2720,E14A27,354,175,179,72,,
150740209,15,México,Mex.,74,San Felipe Del Progreso,209,Barrio San Francisco Ejido De San Pablo Tlalchichilpa,R,"19°44´09.508N""","100°00´30.734W""",19.735974,-100.008537,2799,E14A26,571,270,301,118,,
150740208,15,México,Mex.,74,San Felipe Del Progreso,208,Barrio San Francisco San Nicolás Guadalupe,R,"19°35´52.791N""","100°01´31.048W""",19.597998,-100.025291,2817,E14A26,2146,1017,1129,371,,
150740240,15,México,Mex.,74,San Felipe Del Progreso,240,"Barrio San José, Ejido De San Pedro El Alto",U,"19°37´34.589N""","099°53´46.454W""",19.626275,-99.896237,2536,E14A27,1429,702,727,293,,
150740231,15,México,Mex.,74,San Felipe Del Progreso,231,Barrio Santa Cruz De San Pablo Tlalchichilpa,R,"19°42´35.454N""","099°58´57.275W""",19.709848,-99.982576,2738,E14A27,726,350,376,161,,
150740291,15,México,Mex.,74,San Felipe Del Progreso,291,"Barrio Santa Cruz, San Pedro El Alto",R,"19°36´25.726N""","099°54´48.798W""",19.607146,-99.913555,2831,E14A27,285,133,152,51,,
150740223,15,México,Mex.,74,San Felipe Del Progreso,223,Barrio Tepetitlán Emilio Portes Gil,R,"19°39´10.818N""","099°53´12.396W""",19.653005,-99.886777,2530,E14A27,1032,498,534,240,,
150740292,15,México,Mex.,74,San Felipe Del Progreso,292,"Barrio Tierra Blanca, Ejido De San Pedro El Alto",R,"19°37´02.509N""","099°53´08.247W""",19.617364,-99.885624,2541,E14A27,1399,686,713,256,,
150740244,15,México,Mex.,74,San Felipe Del Progreso,244,"Barrio Tungareo, Emilio Portes Gil",R,"19°39´39.127N""","099°54´09.119W""",19.660869,-99.902533,2520,E14A27,599,279,320,142,,
150740235,15,México,Mex.,74,San Felipe Del Progreso,235,"Barrio Zaragoza, Ejido De Fresno Nichi",R,"19°32´48.365N""","099°56´16.057W""",19.546768,-99.937794,2892,E14A27,915,440,475,174,,
150740007,15,México,Mex.,74,San Felipe Del Progreso,7,Calvario Buenavista,R,"19°42´14.132N""","099°57´23.132W""",19.703926,-99.956426,2639,E14A27,1928,921,1007,402,,
150740008,15,México,Mex.,74,San Felipe Del Progreso,8,Calvario Del Carmen,U,"19°38´11.692N""","100°00´38.897W""",19.636581,-100.010805,2637,E14A26,4101,1980,2121,789,,
150740274,15,México,Mex.,74,San Felipe Del Progreso,274,Charcos Azules San Jerónimo Mavatí,R,"19°34´22.334N""","099°55´34.759W""",19.572871,-99.926322,2912,E14A27,414,193,221,84,,
150740022,15,México,Mex.,74,San Felipe Del Progreso,22,Chichilpa,R,"19°43´13.062N""","100°02´33.901W""",19.720295,-100.04275,2794,E14A26,720,330,390,138,,
150740024,15,México,Mex.,74,San Felipe Del Progreso,24,Choteje,R,"19°42´57.234N""","100°01´07.167W""",19.715898,-100.018658,2729,E14A26,1454,683,771,282,,
150740233,15,México,Mex.,74,San Felipe Del Progreso,233,Colonia Guadalupe,R,"19°43´02.653N""","099°55´45.437W""",19.717404,-99.929288,2551,E14A27,199,88,111,47,,
150740277,15,México,Mex.,74,San Felipe Del Progreso,277,"Colonia La Constitución, San Antonio Mextepec",R,"19°39´00.872N""","099°57´18.305W""",19.650242,-99.955085,2670,E14A27,542,242,300,112,,
150740178,15,México,Mex.,74,San Felipe Del Progreso,178,Colonia La Esperanza,R,"19°44´10.000N""","099°56´13.000W""",19.736111,-99.936944,2564,E14A27,84,45,39,24,,
150740197,15,México,Mex.,74,San Felipe Del Progreso,197,Colonia Plateros De Palmillas,R,"19°41´06.909N""","099°56´18.913W""",19.685253,-99.938587,2624,E14A27,256,117,139,59,,
150740026,15,México,Mex.,74,San Felipe Del Progreso,26,Dios Padre,R,"19°37´04.636N""","100°03´53.976W""",19.617954,-100.064993,2677,E14A26,1104,539,565,211,,
150740027,15,México,Mex.,74,San Felipe Del Progreso,27,Dolores Hidalgo,U,"19°39´30.348N""","099°55´31.060W""",19.65843,-99.925294,2561,E14A27,3374,1616,1758,707,,
150740028,15,México,Mex.,74,San Felipe Del Progreso,28,Dotegiare,R,"19°42´26.145N""","100°02´37.251W""",19.707263,-100.043681,2746,E14A26,1139,517,622,219,,
150740170,15,México,Mex.,74,San Felipe Del Progreso,170,Ejido De Chichilpa,R,"19°41´31.291N""","100°03´06.081W""",19.692025,-100.051689,2683,E14A26,157,82,75,30,,
150740275,15,México,Mex.,74,San Felipe Del Progreso,275,Ejido De La Cabecera,R,"19°43´39.141N""","099°55´37.550W""",19.727539,-99.927097,2550,E14A27,333,160,173,72,,
150740293,15,México,Mex.,74,San Felipe Del Progreso,293,Ejido De La Concepción Chico,R,"19°41´42.964N""","100°01´19.824W""",19.695268,-100.022173,2674,E14A26,163,79,84,33,,
150740260,15,México,Mex.,74,San Felipe Del Progreso,260,Ejido De Palmillas,R,"19°40´50.800N""","099°54´53.730W""",19.680778,-99.914925,2572,E14A27,188,92,96,43,,
150740251,15,México,Mex.,74,San Felipe Del Progreso,251,Ejido De San Felipe Del Progreso,R,"19°43´35.375N""","099°56´54.151W""",19.726493,-99.948375,2570,E14A27,248,122,126,61,,
150740261,15,México,Mex.,74,San Felipe Del Progreso,261,Ejido De San Juan Jalpa,R,"19°41´36.582N""","099°54´31.870W""",19.693495,-99.908853,2540,E14A27,526,238,288,128,,
150740120,15,México,Mex.,74,San Felipe Del Progreso,120,Ejido De Tlalchichilpa,R,"19°43´22.956N""","100°01´57.221W""",19.723043,-100.032561,2849,E14A26,347,158,189,64,,
150740126,15,México,Mex.,74,San Felipe Del Progreso,126,Ejido Del Tunal Nenaxi,R,"19°44´38.254N""","099°54´33.642W""",19.743959,-99.909345,2540,E14A27,1941,954,987,409,,
150740130,15,México,Mex.,74,San Felipe Del Progreso,130,Ejido La Virgen,R,"19°35´50.325N""","100°03´10.367W""",19.597313,-100.05288,2659,E14A26,924,438,486,158,,
150740249,15,México,Mex.,74,San Felipe Del Progreso,249,Ejido San Agustín Mextepec,R,"19°38´36.000N""","099°54´51.000W""",19.643333,-99.914167,2550,E14A27,191,80,111,39,,
150740284,15,México,Mex.,74,San Felipe Del Progreso,284,Ejido Zaragoza,R,"19°37´06.909N""","099°59´34.682W""",19.618586,-99.992967,2646,E14A27,42,21,21,9,,
150740010,15,México,Mex.,74,San Felipe Del Progreso,10,El Carmen Ocotepec,R,"19°40´59.308N""","099°58´38.578W""",19.683141,-99.977383,2764,E14A27,1190,558,632,250,,
150740055,15,México,Mex.,74,San Felipe Del Progreso,55,El Obraje,R,"19°43´23.615N""","099°57´41.916W""",19.723226,-99.961643,2600,E14A27,1224,564,660,277,,
150740125,15,México,Mex.,74,San Felipe Del Progreso,125,El Tunal,R,"19°42´58.084N""","099°57´51.236W""",19.716134,-99.964232,2619,E14A27,2045,956,1089,450,,
150740029,15,México,Mex.,74,San Felipe Del Progreso,29,Emilio Portes Gil,U,"19°38´43.365N""","099°55´04.191W""",19.645379,-99.917831,2555,E14A27,3737,1761,1976,838,,
150740153,15,México,Mex.,74,San Felipe Del Progreso,153,Encinillas De San Antonio La Ciénega,R,"19°40´24.479N""","100°02´06.378W""",19.673466,-100.035105,2669,E14A26,485,239,246,89,,
150740031,15,México,Mex.,74,San Felipe Del Progreso,31,Estutempan,R,"19°38´45.131N""","099°58´51.300W""",19.64587,-99.980917,2633,E14A27,528,256,272,99,,
150740176,15,México,Mex.,74,San Felipe Del Progreso,176,Flor De María,R,"19°43´27.645N""","099°54´20.116W""",19.724346,-99.905588,2522,E14A27,43,20,23,13,,
150740035,15,México,Mex.,74,San Felipe Del Progreso,35,Fresno Nichi,R,"19°34´01.737N""","099°56´54.996W""",19.567149,-99.94861,2894,E14A27,2434,1172,1262,488,,
150740037,15,México,Mex.,74,San Felipe Del Progreso,37,Guadalupe Coté,R,"19°36´25.897N""","099°59´11.681W""",19.607194,-99.986578,2701,E14A27,1617,774,843,253,,
150740005,15,México,Mex.,74,San Felipe Del Progreso,5,La Cabecera Concepción,R,"19°42´23.290N""","099°56´42.677W""",19.706469,-99.945188,2558,E14A27,1678,816,862,370,,
150740018,15,México,Mex.,74,San Felipe Del Progreso,18,La Concepción Chico (El Centro),R,"19°41´57.459N""","099°59´00.813W""",19.699294,-99.983559,2764,E14A27,1181,566,615,251,,
150740283,15,México,Mex.,74,San Felipe Del Progreso,283,"La Manzana, Ejido El Rincón De Los Pirules",R,"19°44´22.106N""","100°03´20.112W""",19.739474,-100.055587,2761,E14A26,49,19,30,14,,
150740276,15,México,Mex.,74,San Felipe Del Progreso,276,La Presa San Antonio Mextepec,R,"19°39´44.055N""","099°57´47.931W""",19.662238,-99.963314,2601,E14A27,300,143,157,52,,
150740270,15,México,Mex.,74,San Felipe Del Progreso,270,Mesa De La Agüita,R,"19°37´24.708N""","099°59´34.816W""",19.62353,-99.993004,2629,E14A27,143,70,73,20,,
150740052,15,México,Mex.,74,San Felipe Del Progreso,52,Mesa De La Agüita,R,"19°38´17.545N""","100°02´32.043W""",19.638207,-100.042234,2632,E14A26,299,142,157,66,,
150740056,15,México,Mex.,74,San Felipe Del Progreso,56,Palmillas,R,"19°41´35.655N""","099°57´00.865W""",19.693238,-99.95024,2559,E14A27,1918,943,975,446,,
150740051,15,México,Mex.,74,San Felipe Del Progreso,51,Purísima Concepción Mayorazgo (Mayorazgo),R,"19°41´39.514N""","100°00´07.309W""",19.694309,-100.00203,2707,E14A26,2676,1308,1368,526,,
150740020,15,México,Mex.,74,San Felipe Del Progreso,20,Ranchería El Consuelo (El Carmen),R,"19°44´38.782N""","100°03´10.204W""",19.744106,-100.052834,2786,E14A26,172,84,88,40,,
150740279,15,México,Mex.,74,San Felipe Del Progreso,279,Ranchería Encinillas,R,"19°39´56.127N""","100°01´11.266W""",19.665591,-100.019796,2661,E14A26,242,121,121,46,,
150740168,15,México,Mex.,74,San Felipe Del Progreso,168,Ranchería La Carrera,R,"19°41´25.282N""","100°01´56.313W""",19.690356,-100.032309,2685,E14A26,339,172,167,64,,
150740013,15,México,Mex.,74,San Felipe Del Progreso,13,Ranchería La Ciénega,R,"19°38´28.945N""","100°03´03.411W""",19.641374,-100.050948,2694,E14A26,730,346,384,157,,
150740155,15,México,Mex.,74,San Felipe Del Progreso,155,Ranchería La Manzana,R,"19°39´47.505N""","100°02´39.264W""",19.663196,-100.04424,2642,E14A26,113,55,58,25,,
150740115,15,México,Mex.,74,San Felipe Del Progreso,115,Ranchería La Soledad,R,"19°39´33.691N""","100°01´58.025W""",19.659359,-100.032785,2657,E14A26,676,330,346,145,,
150740129,15,México,Mex.,74,San Felipe Del Progreso,129,Ranchería La Virgen,R,"19°35´44.202N""","100°01´06.212W""",19.595612,-100.018392,2822,E14A26,443,207,236,82,,
150740285,15,México,Mex.,74,San Felipe Del Progreso,285,"Rancho Guadalupe, San Lucas Ocotepec",R,"19°40´23.726N""","099°57´33.920W""",19.673257,-99.959422,2601,E14A27,471,221,250,97,,
150740271,15,México,Mex.,74,San Felipe Del Progreso,271,Rancho La Virgen San Pedro El Alto,R,"19°36´30.807N""","099°55´38.673W""",19.608558,-99.927409,2845,E14A27,336,168,168,54,,
150740189,15,México,Mex.,74,San Felipe Del Progreso,189,Rancho Ojo De Agua,R,"19°37´36.093N""","100°00´32.687W""",19.626693,-100.00908,2697,E14A26,5,0,0,1,,
150740064,15,México,Mex.,74,San Felipe Del Progreso,64,Rincón De Los Pirules,R,"19°44´10.400N""","100°01´54.270W""",19.736222,-100.031742,2819,E14A26,1026,470,556,188,,
150740066,15,México,Mex.,74,San Felipe Del Progreso,66,Rioyos Buenavista,R,"19°41´52.259N""","100°03´58.419W""",19.69785,-100.066228,2706,E14A26,1995,962,1033,374,,
150740135,15,México,Mex.,74,San Felipe Del Progreso,135,Rosa Del Calvario,R,"19°45´04.437N""","100°01´16.953W""",19.751233,-100.021376,2980,E14A16,429,206,223,77,,
150740074,15,México,Mex.,74,San Felipe Del Progreso,74,San Agustín Mextepec,U,"19°37´58.289N""","099°55´31.004W""",19.632858,-99.925279,2569,E14A27,4920,2333,2587,953,,
150740045,15,México,Mex.,74,San Felipe Del Progreso,45,San Antonio De Las Huertas,U,"19°33´45.829N""","099°58´13.750W""",19.56273,-99.970486,2901,E14A27,3549,1697,1852,588,53,41
150740075,15,México,Mex.,74,San Felipe Del Progreso,75,San Antonio La Ciénega (La Rosa),R,"19°39´20.240N""","100°03´40.731W""",19.655622,-100.061314,2621,E14A26,1285,586,699,242,,
150740076,15,México,Mex.,74,San Felipe Del Progreso,76,San Antonio Mextepec,R,"19°39´17.581N""","099°56´55.676W""",19.654884,-99.948799,2561,E14A27,973,438,535,228,,
150740001,15,México,Mex.,74,San Felipe Del Progreso,1,San Felipe Del Progreso,U,"19°42´50.127N""","099°57´11.860W""",19.713924,-99.953294,2571,E14A27,4350,2041,2309,1062,,
150740081,15,México,Mex.,74,San Felipe Del Progreso,81,San Jerónimo Bonchete,R,"19°37´56.243N""","099°57´19.236W""",19.63229,-99.955343,2745,E14A27,2564,1211,1353,383,,
150740083,15,México,Mex.,74,San Felipe Del Progreso,83,San Jerónimo Mavatí,R,"19°36´16.800N""","099°56´41.981W""",19.604667,-99.944995,2930,E14A27,905,433,472,167,43,39
150740089,15,México,Mex.,74,San Felipe Del Progreso,89,San Juan Coté Centro,R,"19°36´28.099N""","099°58´16.217W""",19.607805,-99.971171,2674,E14A27,978,478,500,171,,
150740286,15,México,Mex.,74,San Felipe Del Progreso,286,San Juan Cote Ejido,R,"19°36´19.757N""","099°57´31.953W""",19.605488,-99.958876,2763,E14A27,1224,596,628,195,,
150740090,15,México,Mex.,74,San Felipe Del Progreso,90,San Juan Evangelista,R,"19°43´12.050N""","100°02´54.403W""",19.720014,-100.048445,2884,E14A26,367,176,191,65,,
150740092,15,México,Mex.,74,San Felipe Del Progreso,92,San Juan Jalpa Centro,U,"19°42´05.182N""","099°56´11.599W""",19.701439,-99.936555,2551,E14A27,2667,1281,1386,624,,
150740091,15,México,Mex.,74,San Felipe Del Progreso,91,San Juan Rioyos,R,"19°42´48.333N""","100°03´39.920W""",19.713426,-100.061089,2803,E14A26,130,69,61,29,,
150740093,15,México,Mex.,74,San Felipe Del Progreso,93,San Lucas Ocotepec,U,"19°40´56.433N""","099°58´15.142W""",19.682343,-99.970873,2698,E14A27,3043,1425,1618,605,,
150740097,15,México,Mex.,74,San Felipe Del Progreso,97,San Miguel La Labor,U,"19°36´31.442N""","099°59´46.470W""",19.608734,-99.996242,2730,E14A27,5414,2649,2765,872,241,182
150740098,15,México,Mex.,74,San Felipe Del Progreso,98,San Nicolás Guadalupe,U,"19°36´53.948N""","100°01´50.618W""",19.614986,-100.030727,2741,E14A26,5905,2932,2973,953,70,55
150740099,15,México,Mex.,74,San Felipe Del Progreso,99,San Nicolás Mavatí,R,"19°35´57.799N""","099°56´05.426W""",19.599389,-99.934841,2910,E14A27,1145,579,566,227,,
150740103,15,México,Mex.,74,San Felipe Del Progreso,103,San Pablo Tlalchichilpa,R,"19°43´24.656N""","099°59´07.524W""",19.723516,-99.985423,2750,E14A27,1870,871,999,462,,
150740104,15,México,Mex.,74,San Felipe Del Progreso,104,San Pedro El Alto,U,"19°36´40.000N""","099°54´26.438W""",19.611111,-99.907344,2659,E14A27,4925,2388,2537,986,59,56
150740105,15,México,Mex.,74,San Felipe Del Progreso,105,San Pedro El Chico,R,"19°37´18.711N""","099°54´34.691W""",19.621864,-99.909636,2568,E14A27,789,377,412,168,,
150740108,15,México,Mex.,74,San Felipe Del Progreso,108,Santa Ana Nichi,R,"19°35´37.000N""","099°58´19.000W""",19.593611,-99.971944,2766,E14A27,2245,1076,1169,454,42,37
150740107,15,México,Mex.,74,San Felipe Del Progreso,107,Santa Ana Nichi Ejido,R,"19°35´11.029N""","099°59´26.923W""",19.586397,-99.990812,2899,E14A27,1213,578,635,249,,
150740111,15,México,Mex.,74,San Felipe Del Progreso,111,Santa Cruz Mextepec,R,"19°39´36.546N""","099°57´10.479W""",19.660152,-99.952911,2578,E14A27,1836,812,1024,389,,
150740112,15,México,Mex.,74,San Felipe Del Progreso,112,Santa Rita De La Cuesta,R,"19°44´53.682N""","100°04´14.981W""",19.748245,-100.070828,2834,E14A26,531,260,271,112,,
150740119,15,México,Mex.,74,San Felipe Del Progreso,119,Tlalchichilpa,R,"19°43´32.927N""","100°00´35.618W""",19.725813,-100.009894,2815,E14A26,366,185,181,77,,
150740287,15,México,Mex.,74,San Felipe Del Progreso,287,Torrecillas Nenaxi Ejido El Tunal,R,"19°42´46.265N""","099°54´50.974W""",19.712851,-99.914159,2546,E14A27,46,26,20,14,,
150740123,15,México,Mex.,74,San Felipe Del Progreso,123,Tres Estrellas,R,"19°35´08.428N""","100°01´24.681W""",19.585674,-100.023523,2804,E14A26,1467,726,741,270,,
